{"cameraMode":{"drawMode":0,"name":"Shaded","section":"Shading Mode"},"sceneLighting":true,"audioPlay":false,"sceneViewState":{"m_AlwaysRefresh":false,"showFog":true,"showSkybox":true,"showFlares":true,"showImageEffects":true,"showParticleSystems":true,"showVisualEffectGraphs":true,"m_FxEnabled":true},"in2DMode":false,"pivot":{"x":-3.277897834777832,"y":-0.3460042476654053,"z":37.66710662841797},"rotation":{"x":0.08867321908473969,"y":-0.022595928981900216,"z":0.0020177257247269155,"w":0.9958400130271912},"size":14.13590145111084,"orthographic":false}